usernameID,reviewsusername
1,llyyue
2,Charmi
3,johnnyjojojo
4,Kdperry
5,Johnnyblack
6,rmwarriors
7,LexieCrews
8,merry
9,STEF
10,AEBY
11,jjhippo
12,Sean242
13,Jackie
14,grandma
15,BeeRocker
16,Chillypr
17,John
18,Bill
19,richard
20,Superuser37
21,Keith
22,Nibbler
23,st2005
24,Robe12
25,kdla
26,Kathy
27,Debbie
28,Tupiman
29,drd1
30,MrPhilTX
31,Jeff
32,flexorcist
33,mother
34,dk22
35,JimA
36,yespicklejuiceisgood
37,AB79
38,Vincent
39,Khan
40,Faithfy
41,Ed51648
42,TinLexington
43,DustinS
44,Juj14
45,Hikjer
46,Msimon
47,gpro1
48,Satyendra
49,Mark
50,Splorticus
51,Chris
52,Carolyn
53,Stu76
54,mao1
55,fitfreak
56,jay5
57,johnjohn
58,KEBB
59,yhmitchell
60,JQisntadumbass
61,Robert
62,akilanmc
63,cookie1982
64,Bubba
65,Skip
66,thehands
67,Priyesh3d3
68,VirginiaSlim
69,Betty
70,Kev
71,Ckkparker
72,slgtr1
73,MusicMan
74,BiggerTigger
75,Jessa
76,Ashish
77,Theresa
78,kcladyz
79,Fievel22
80,Yo40
81,Tfisher
82,Barisch
83,Nastasiya
84,WINDY
85,noname
86,ddrraz
87,Lauri
88,frheel9
89,wcy405100
90,Mickey
91,Elle
92,Brian
93,doyson
94,BBReview
95,Christi
96,ConsistentBuyer
97,Ciro
98,Nome
99,kennrzz
100,Angel
101,Vikash
102,Coop
103,Dshopper8
104,JBD1127
105,Tina121588
106,Tess
107,Giorgio
108,bonnie
109,Bestbuyjunkie
110,exorcist
111,roland
112,bobkinaz
113,Gene
114,Dakotaice
115,MikeG
116,ewohl726
117,Flowermom
118,Harley78
119,Wonderful
120,KrissMG
121,Falloutboy210
122,wdeanna48
123,nicole
124,drollins431
125,Russell
126,JeffW
127,DonR
128,Trentendo
129,Tony
130,chocolate
131,Lindy
132,Bucktrack0
133,Melody
134,Manofsteel
135,laf452
136,Psmithph3
137,TeejSC
138,JM808
139,Davedz87
140,Loop
141,Miskatonic
142,techappreciator
143,Beccad79
144,JoseP
145,Relativist
146,Dolfan
147,Robin
148,Oldmangamer
149,Boymikey77
150,Customer
151,Chrisell
152,rick
153,9796
154,Radarblade
155,Sambuy87
156,MrsT
157,Hilti
158,ZIGEPS
159,recruiter89
160,Skonrad
161,Mbeazy
162,tcl617
163,Gears
164,Jgrimes
165,mdharbarth
166,scottlimpus
167,AmyB
168,ChristisKing
169,Linda
170,aly102
171,Curdy
172,Murphy
173,William
174,Hosebag22
175,ECarp
176,Tigerbaby
177,MattyC
178,poolman57
179,mykeyee
180,Mason
181,JRDD
182,gadgetguy11
183,Zlady
184,Zizou
185,Souza
186,RayVM
187,TlmFNP
188,Kmlfgi
189,Reviewerjay
190,Biffthebully
191,DJBryce
192,Bigboatchips
193,Lbig
194,Crash862004
195,pgadget
196,Mylove
197,Karen
198,Minnie
199,Pita
200,MrTony
201,mxgirl876
202,DrJK
203,DeeDee
204,Rayg
205,Steve
206,Hidier
207,Techguy
208,Jodi
209,ileftit2
210,mybestbuy
211,Techmama
212,Wireguy
213,JENTIN
214,Rock
215,Micaflac
216,Nick
217,JDoggy
218,dama
219,Heather3
220,Jules
221,mytoy
222,mrchuck
223,Owney
224,papalunchick
225,ForeverAChicagoCubsFan
226,Smokey
227,MaryS
228,Bigfoot
229,CarterDeKid
230,Jfhman001
231,Sllysmly
232,Malissa
233,Jimp
234,Goldenspire
235,MiamiNacho
236,QueenStTeresa
237,Daniel
238,Sparky
239,TexasSam
240,LoganB
241,Michelle
242,SoldBytech
243,maria
244,TechSenior
245,Zanthrin
246,Mike
247,Zeek1106
248,jgmhunter
249,Baddog
250,Xtreme56
251,Rkhart
252,Bear
253,Maria
254,Dmonroy82
255,Mik3yRobb5
256,bestguy
257,Munger
258,S2000CR
259,Irishannie
260,Frank
261,derick
262,jeremy479ark
263,ANdy
264,MikeB
265,Buckeye
266,GRANDMA
267,eslongview
268,Yoshi
269,Jmac
270,sweets
271,Lamchop
272,ChrisS26
273,pbunch
274,Bubslady
275,Deborah
276,joe1129
277,nice
278,Stoney
279,carebear
280,LorieW2017
281,AdamT
282,LisaOpinion
283,pura
284,bullyboo
285,Budman
286,cabbagecade
287,Cricket
288,JJJJ
289,BMAN
290,kittymama
291,Nicole
292,Gibzilla
293,TheDigialGuy
294,Spanky
295,Boomerchick
296,discwizard70
297,LisaCT
298,Neonlady96
299,7722
300,Anncap
301,Missy
302,RobWtx
303,Tbgixxer
304,Marty2016
305,LJ1966
306,Lm2000
307,fasteddiek
308,Ladybutterfly
309,Rilo
310,Katy
311,Curlys
312,KeepOnLearning
313,CrashPusher
314,lmiddleton
315,Maaroo
316,Macdude
317,Stromboli
318,Greatdayne
319,texasjohnny
320,Deemoner
321,ThomasToo
322,Cindy
323,Plucky
324,Gadgets1
325,Donald
326,Watch
327,DukeofCL
328,HowardF
329,Bean
330,rustiz
331,Bryguy
332,TabletUser
333,Kalimeli
334,Jenn
335,Kelsey
336,Allan
337,blue
338,Judy
339,Kurt
340,Muncy
341,icemike1975
342,RickyBobby
343,Taylors
344,Tpc88888
345,busybee
346,Kika
347,Delo
348,HSTulsa
349,BR549TX
350,Diana
351,rpmrtn
352,Jessie
353,MJ1234
354,DRMC
355,Mandu
356,SkyWatcher
357,Paco77
358,Bampi
359,Albert
360,Mike57
361,Pete
362,gramma
363,MomfromTexas
364,Michael
365,Cameraguy
366,BowHunter
367,Kimber
368,WMKnox
369,TribeFan
370,frank
371,Tom
372,NJS
373,Gr8Andini
374,TheBear
375,Glock26
376,Olivia
377,wagostini
378,Terry7
379,Mchiare
380,Stevesim
381,KrisK
382,TheTAZ
383,Asif
384,Thelump
385,Neat12
386,Frankie
387,eschwable
388,MrsO
389,Gma5
390,CheapyD
391,Pbblue
392,Tonyxhalo
393,Kassman
394,randy1154
395,MajorDraco
396,Chubbs
397,Stepheb
398,Redneck
399,Milkman
400,maximilian
401,Laroccs
402,Roaddog
403,JHAZ
404,Alicia
405,Mosh
406,Anonymous
407,bmarino18
408,Avalencia1285
409,Berto
410,BSMAC
411,Jamarti4
412,jester8199
413,Matty
414,Rochelle21
415,TerryB
416,fantomas81
417,Roku
418,JRNOK
419,coldsteel07
420,Bell
421,lito
422,C3nturion1
423,Elizabeth
424,Lkoppel
425,Sweet
426,Tyler
427,JMJ6
428,Rosiel83
429,RobbieRob
430,TOPD6591
431,collisionadvice
432,Binlv
433,EFYevan333
434,jethro
435,Marceloecalderon
436,nteku
437,Kamp
438,Cleanbuddha
439,Swamprat357
440,Chance
441,TechyHome
442,Dawn
443,Teresa
444,rollaroundman
445,DivaDeb
446,Harry
447,Bug293
448,tc13
449,BUDMAN
450,Suzie
451,lemi
452,jtloov
453,BillyD
454,Annie
455,CHeil402
456,Peler
457,Curtorim
458,shopper
459,Lintor
460,Krista
461,GoBlue
462,Heating101
463,PghDad
464,Pamela
465,Sthom025
466,MLee
467,othmar
468,ERoc
469,Matt
470,Corey
471,901inspector
472,KimT
473,David64
474,Tim68
475,MIMI
476,Jesus
477,Freddie
478,sgalaxy
479,Maroo
480,9thwardboi
481,Celli52
482,Dom1
483,Terri
484,DannyC
485,Sully2
486,jcarrio
487,Victor
488,Ventura
489,DoktorJustice
490,Aiden
491,Autotech21
492,Babylon
493,Spencer
494,Jimmy
495,Bears4710
496,ahpendo
497,Rick
498,Greg
499,Heath
500,Lisa
501,Caiya
502,WallyWorld
503,Domoto
504,Samojus
505,bball
506,Tabitha
507,PutnamD
508,Solo10
509,CRA34
510,Jude
511,860eagle
512,B61MD1
513,DanPA
514,Rojo
515,PT53226
516,David
517,Joestixx
518,nclev
519,Lydjya
520,lp77
521,peelove
522,PaulS
523,Sfcc6
524,Khowey
525,PharminFlorida
526,ExpensiveSkin
527,Hamalton
528,MikeyDad
529,SATECH
530,Dwise6
531,Orgjuice
532,Show
533,jkc107
534,Lucy
535,KWJ8500
536,Shelly
537,Playbymyrules
538,jimc1936
539,Carl
540,Dano
541,ctl13
542,JMaC
543,Scott
544,Zach
545,tinapais
546,Dani
547,suzeqh
548,Cathy
549,Fred
550,Schatzy
551,JFBJR
552,Melcuermba
553,Hilda
554,Squirl
555,Duillaith
556,LBay
557,Duna
558,DebG11
559,MacBookAir15
560,Jdsavannah
561,Jenny
562,Efren
563,Howie
564,Dazeedog
565,jc1in02
566,Tsullir
567,Johnnytheking
568,PRINTER
569,TazMonkeyMan
570,Bobby
571,DANI
572,Seminoles808
573,DD
574,Dori
575,BigEd
576,Goomba
577,Fanboy
578,rickh1235
579,mwright286
580,chadc
581,zimm
582,Atlantainlove
583,Jralford8
584,Mleg
585,Pootoos
586,Odogg
587,Floridamom
588,Tmcar
589,Jeanne
590,SteinyD
591,Mommy
592,Techie
593,DarrellM
594,cyborg1701d
595,Simone
596,Verne1
597,Hunny
598,Tfish
599,mattb
600,Streetglide
601,Maggie
602,Corey12345
603,JimC
604,snegrif
605,Whyd1Ineedan1ckname
606,swiff11
607,bobs72ss
608,TRMTCB
609,Leelipp
610,Courtkap
611,enforcereric
612,Jethro
613,Ashley
614,Deemeg
615,552018
616,2poodlesmom
617,Meisje
618,fatdude
619,Coycox
620,Yankeemaria
621,hags
622,TarheelPhil
623,eanniec
624,AudioFan
625,Spuds
626,MonicaM
627,Lyon7179
628,Woody
629,WifiExpander
630,Tbone
631,CuttaLoc314
632,LeeDamonehp
633,spurdie
634,MikeH
635,Alt2Max2
636,Crod
637,mespin09
638,Roby
639,vickki
640,JayKo
641,Chloe
642,122651
643,Rusty
644,Blackfridayking
645,kellie16
646,Jaxx
647,Mamsan5
648,Zimmy
649,Wonderbyrd
650,Max1
651,bcgphoto
652,lnunez
653,MDDad
654,MonMave
655,redbone357
656,sonosfan
657,466
658,SarahD
659,teresajohns
660,Kcanino0812
661,shorty8338
662,Koko
663,FINKEL
664,whatnext10
665,Poohbear55
666,Isk5
667,wbp874
668,Ice73
669,sully81785
670,TbirdRoy
671,Cgjs
672,Cora
673,Cody
674,Cherry
675,CanyonAg
676,Oneerc
677,Klif
678,Mary
679,Nikki
680,Mcneilljr32
681,bejezus
682,Daptek
683,DUDE1
684,TechFan
685,chimmychinchin
686,HEATHER
687,Kirkman
688,Tonto
689,kflynn
690,MattC
691,BahaPDX
692,sebagalaxy
693,Srikanth
694,EVMissy
695,Joe N
696,Esteban
697,Richyrick
698,MollyLeigh
699,MrWatts
700,Jags
701,Aunt
702,zephyr
703,RBares
704,Grandpa
705,rainypages
706,Griff5001
707,engineers4eletronics
708,TWoods
709,Annette
710,Tennisgal
711,jcfl1003
712,DeSi
713,Craigkoh
714,ohwelles
715,JoeG
716,Kmax
717,DJDJ
718,Princess73
719,loucop
720,Helicop1
721,Leonard
722,Rtorrento
723,Amstel
724,Speeedy16
725,Fatboy13
726,REKissimmee98
727,Nana
728,Gomes11
729,Samantha
730,Javi
731,Reaper2099
732,Chuck
733,Krissyliz
734,Packermn8
735,DanB
736,Jeremy
737,Jimfrazier
738,Angelica2k
739,Mama Mos
740,jeff
741,Tori
742,Fretzilla
743,kashdollars
744,Lsp1012
745,MichaelHicksinPA
746,Kentuckygirl
747,MattB
748,KACI
749,jjay
750,lpgalke123
751,Sean
752,Tacopaco
753,flyboy
754,Eric
755,JordanL
756,AlexaShow
757,kcoe
758,PackAttack
759,Speedy98
760,BagelBytes
761,ylmurph
762,Nonnie
763,Francis
764,bsn6
765,Tripndicular
766,Rottweilerdad
767,Shubbard66
768,Andy
769,Sophmax
770,TheNapster
771,Rjrock
772,clownfishguy
773,Griz
774,ChesapeakeTraveler
775,steve
776,AdmiralQ
777,1234
778,Rudy
779,JIMMY47
780,00JK
781,MsWit
782,Tazz141
783,Btb611
784,bdore1
785,Piper
786,MC333
787,BOBBY
788,Parmar
789,James
790,cwilliams706
791,Joys
792,Tongtong
793,CoolMom
794,DHPT
795,Plas
796,Skidd
797,DavidFF
798,Iceberg
799,Patty
800,Prelude428
801,makedog
802,Erinnicole94
803,RCLSU
804,Jayjag
805,OKyES
806,Barb
807,Girl10
808,Amy69
809,tyagiravikumar
810,mojoworking
811,Lori
812,Terry
813,DoubleD
814,Robp
815,Neil
816,NotTechie
817,wendy
818,Gavin
819,Abbey
820,jerry
821,Pammie
822,Denali08
823,Tigger0311
824,Brew
825,Shelley
826,PJL1
827,blue22
828,makamaka
829,plc9393
830,Christy
831,LT235
832,bhrr
833,Paul
834,Garcij2
835,Hills
836,classicman
837,Volksman
838,MaDukes
839,anneray
840,iDroidGuy
841,Sarah
842,Friolenito
843,Nevaeh
844,Boomerdog
845,wyodog
846,BBConsumer
847,IphoneOwner
848,Seamus90
849,Marco
850,George
851,Amanda
852,GregoryMichael
853,SidSoman
854,FrequentCustomer
855,KimP
856,RaySeattle
857,Monkey
858,Carrillo
859,Clint
860,boughtarlo
861,gmort
862,thestral
863,plooky
864,Scrubz
865,Coco
866,Jpeel
867,Peanut
868,BigD
869,JPJZ
870,katieful
871,BigPurple
872,Beni
873,Okraman
874,Andrea
875,riki
876,bhm22mc
877,Selina
878,Edmond
879,Ynot
880,Jessica
881,4Abear
882,Jbear
883,alchase
884,Tools17
885,Kenneth
886,drlarry
887,wiltonGuy
888,LovingLola
889,Jdlk1
890,Cbcb
891,lumpympc
892,jenpebbles
893,Jennifer08
894,Momof2kidz
895,Larry
896,eco2010
897,ahorvath01
898,Kefera
899,Davehughes3
900,Brandon
901,Izzi
902,Fultz3336
903,reporich
904,Edw213
905,rstan5121
906,SGATE
907,Rav4
908,Decider
909,nomad14
910,Bostondogs
911,Sparky4
912,TickleMePink
913,Gomogomo
914,SCOOB1977
915,Alexa
916,BigBen12
917,Photos
918,MamaDee
919,Wiggles
920,TommytgeKid1967
921,LizzyMae
922,GrandpaJim
923,Ivanhoe
924,HarryT
925,Skh10
926,Sponge
927,Biebs
928,Lelandro
929,Mama
930,Jason
931,Kali
932,bullwinkle175
933,Dallasguy79
934,Williesgirl
935,Joker
936,BigBadUglyDude
937,Desertedwarvet
938,Nichip
939,Claudy
940,cas23
941,MovieMagic
942,JMSD
943,Parklander
944,MVPsDad
945,Scitter
946,vern
947,laffy
948,AuntieV
949,Ellie1
950,Paypay
951,Lala
952,Buyer
953,Amber
954,Adam
955,tommy
956,Birdman
957,Buddy
958,Echo
959,WEWIII
960,Tmo5760
961,FMDP
962,JudyKnit
963,flashk
964,Hunternels
965,MickeytheMetMan
966,jmcfarli
967,Plugthegap
968,Asmith3
969,Wendy
970,JessE
971,Mags
972,Meb1
973,jcameron79
974,Barbara
975,Pammy
976,rochester
977,Roseyj
978,LukeinGA
979,Jess
980,buttercup
981,Pkpk
982,Harringsh1
983,Buzzybee
984,Captain
985,2225254
986,Raf0002
987,OBWon
988,MC4450
989,Alexalover
990,Krampus
991,xspecialforces
992,Marland
993,Randy
994,WorstHello
995,Waterski1
996,mello
997,LDLL
998,Jaker1
999,Cangri
1000,Holly
1001,mrsv
1002,mathmike4
1003,uxotech
1004,PokeyTshirts
1005,ThatGuyWelch
1006,Samuelroscoe1
1007,Lizcommack
1008,Czrgarcia
1009,Bull
1010,JK27
1011,Deedee
1012,OD3877
1013,Ksmith07
1014,Boshi
1015,MisterReaper
1016,Wine
1017,bpackman
1018,mahoney
1019,Angelo
1020,bmthall
1021,paulfii
1022,Angie
1023,Sml11311
1024,Binx
1025,filter
1026,kayakmeme
1027,DadofBear
1028,Mickey1960
1029,emycase
1030,Bri1234
1031,Chio
1032,Jorge
1033,Kayjay
1034,Antk
1035,VinnieH
1036,Honydear
1037,Mere80
1038,Elvis
1039,Crowe
1040,Jax5689
1041,Leesa
1042,BULLETBOB
1043,GlenInPTC
1044,Dsspeaks
1045,Drrdh
1046,LDPM
1047,jake
1048,Teri
1049,callitlikeiseeit
1050,Pdxsamps
1051,Sandyyy
1052,Rajj
1053,BillyC
1054,Dave
1055,KaySoIn
1056,ChrisP
1057,Drew
1058,CSER
1059,Markw
1060,Nube
1061,Loca
1062,Kitchen
1063,TeamTecmoBowl
1064,Denise
1065,tannDaClam
1066,Longmire34
1067,mary
1068,STEVEO
1069,Cocopuff
1070,Twinla
1071,Everedyvette
1072,Harley
1073,boots
1074,Ccrain
1075,tntpraz
1076,Admin
1077,Kent
1078,BBCUSTOMER4LIFE
1079,BMS12344321
1080,Ralph
1081,btcwgt
1082,Moose
1083,tonyb
1084,Rami
1085,ShareBear11
1086,gates
1087,Jvav
1088,Meleck
1089,Anne
1090,JOHNNYWHO
1091,anjo
1092,Thomas
1093,Fromunda
1094,Momof3
1095,john
1096,lAnneP
1097,Paige1
1098,TCbo
1099,Jen1981
1100,Lizzy
1101,DNIS37
1102,Mine
1103,HAT11
1104,Mrsandymcclure
1105,Kpkp79
1106,Catelyn
1107,Gorjusmom
1108,Thor
1109,Wiggle14
1110,Jere
1111,Hilts65
1112,Moviereviewernyc
1113,Stir33
1114,Vegas
1115,Walticus
1116,Robert504
1117,Invest1
1118,Magckmn
1119,Jeri
1120,Navi
1121,lukasj94
1122,gman
1123,Harbusyone
1124,elgrannada
1125,sfd55
1126,Best
1127,RonsElectronicSales
1128,dsievers
1129,Whitney
1130,TXCJG
1131,HappyWazer
1132,Angel1960
1133,Ritch
1134,Wolf
1135,Kuch15
1136,PeteMcG
1137,mdelicio
1138,Reese
1139,Samiam
1140,Amlitt4
1141,WinstonChurchill
1142,caligirl
1143,lokey1069
1144,Sammi
1145,Kris
1146,Eddie485
1147,BrianR
1148,Tammy
1149,tinytoy
1150,Joeschmo
1151,Paddlegirl
1152,gymmom
1153,Smoke
1154,Carlo
1155,Ranae
1156,Teanna
1157,Bserkt
1158,ladystix
1159,Smithville
1160,Techsavy
1161,Johnson92
1162,SurfacePro2
1163,kingpcb
1164,DE28
1165,Teder
1166,Jamie
1167,Teddy
1168,nemi
1169,ckpatx
1170,skatardrummer
1171,ROC1
1172,CBP4
1173,Ginger
1174,Kate
1175,Janny
1176,Mary4565
1177,Jawr
1178,Willie
1179,EHST
1180,Yvette
1181,Kimw
1182,Hime1
1183,Gary
1184,BuddyBoy
1185,Laserbeak
1186,Aisha
1187,SuzanneN
1188,gdionne98
1189,panzeke
1190,eagles4001
1191,Geek
1192,Kellas
1193,Deyanklow
1194,Farney
1195,Cheri
1196,Jag40
1197,Happy
1198,neuby
1199,Cobber
1200,BobL
1201,Grammie
1202,1818
1203,June
1204,OldDude
1205,billy
1206,Kithzeez
1207,Lesliet3
1208,Snowbunny
1209,Btellis04
1210,firstrambo1
1211,Markie
1212,Song
1213,Alan
1214,Loomis
1215,ddub88
1216,Bobbi1928
1217,Patransa
1218,KenH
1219,roamingasia
1220,Dap69
1221,Gospelnote2000
1222,fatherofthebride
1223,Mommytinatoo
1224,Steelhouse11
1225,rktwrench
1226,SouthStreet
1227,brolly4
1228,Mwhite132
1229,Kgrock
1230,Hernandedz
1231,Kendel
1232,Ollie
1233,Kush
1234,Dominic
1235,tasmin
1236,CoreyD99
1237,Jose
1238,domcab
1239,Candy
1240,Costarick
1241,Pross
1242,Riri
1243,trublqprnc
1244,PUPPY
1245,Larry123
1246,Newbie
1247,Onyx
1248,TVLover
1249,Jake
1250,Smarthome
1251,Kborns
1252,mitch22622
1253,DaveF
1254,Mrgoodtime
1255,Nachos
1256,camelrider
1257,EDNA
1258,C0x0ash
1259,Hed85
1260,MissouriGirl
1261,Rafiq
1262,dspinpw
1263,termite01
1264,Kuby
1265,Sheila
1266,EchoPlus
1267,Gma48
1268,Jinxy
1269,Iboughtit
1270,Techlover
1271,TPLink
1272,trang
1273,Jpk1
1274,Lessingboy
1275,Dackson
1276,JLew133
1277,LauraC
1278,Ruff
1279,rich936
1280,Leslie
1281,kimmie
1282,Dink
1283,RICK123
1284,Jayhawker
1285,Kristen
1286,Nick613
1287,Mom94
1288,Matthew
1289,Bigmountain25
1290,Dwill
1291,ckl221
1292,Amparo419
1293,peaches1
1294,dnkhanson
1295,diva
1296,Llml
1297,Hoody114
1298,MajicMike
1299,2gether4ever
1300,JanM
1301,12whitestar
1302,Cagegod
1303,Karrie
1304,2617
1305,Juju
1306,Jazyjay
1307,Gmeld
1308,Willow
1309,Tibbs
1310,2happy2222
1311,Nate
1312,Brucecg
1313,Kamale616
1314,Hexrex
1315,RIck
1316,bleaustarfish
1317,mikey68
1318,HansGT
1319,Andy23
1320,bobbyworld
1321,jtphxguy
1322,jediliz
1323,cracineo
1324,BEN1
1325,Pat91
1326,dm94101
1327,Rickgelo
1328,fubarcrs
1329,STRIPYGOOSE
1330,Akki
1331,Patrick
1332,Bryan
1333,Iodine
1334,Lwm333
1335,Bigboy
1336,diamond
1337,Tilreeves
1338,GodFreeXChoice
1339,LADYD92
1340,Scooby123
1341,javirod01
1342,Mrawesome
1343,Dustin
1344,Spicoly
1345,Manuelm
1346,Nano
1347,Samsungtv22222222
1348,Crissy
1349,Sook
1350,craftie
1351,Moms
1352,Richard
1353,1deville
1354,Derek
1355,horseman
1356,char4
1357,Donnie
1358,JoyL
1359,sandy1
1360,Jorge6541
1361,Arpit
1362,ladylove
1363,ianmckaye
1364,Roel
1365,TaylorB
1366,Meche
1367,Shannon
1368,Gloria
1369,Sulley
1370,Elnolo13
1371,Devmack11
1372,Williams
1373,Buckos69
1374,Italianqueen33
1375,Jam24
1376,TeamTns
1377,Ninojoda
1378,Emad
1379,DMARC13
1380,Kimi
1381,shop12
1382,peggy
1383,Jeanie
1384,clan
1385,Txmama
1386,Beatrice
1387,ForzaGamer
1388,Arra
1389,Maypop
1390,Joseph
1391,MissStephanie
1392,digger
1393,Rswd10
1394,grace
1395,Kessenwt
1396,Changosandchangito
1397,Petey1145
1398,Lng10
1399,My5joys
1400,Romanv011
1401,Evelyn
1402,jblank
1403,Brad
1404,CharliesMom
1405,Skeet
1406,TeaKae
1407,quickshot
1408,Nickster19
1409,jenn
1410,PatF
1411,Sevyn
1412,Missomally
1413,SoggySandwich
1414,sub12
1415,carm
1416,DavidB
1417,Sathya
1418,MrsB
1419,tonychavez
1420,Whit
1421,Neencat
1422,Zmomma1
1423,Jasper
1424,Azjeff4545
1425,stacyjo
1426,Gofish28
1427,Photolaw
1428,mommabebe09
1429,DragonHawk1960
1430,tommyboy
1431,FMOM
1432,SavvyShopper
1433,njguy
1434,DonnaB
1435,Primo84
1436,RayG
1437,Farmingnana
1438,Crazy02
1439,Collins
1440,birdsonabat
1441,Bitzi
1442,Mitz
1443,Wifeofrecentespressolover
1444,maxie28
1445,Lama9200
1446,Loui
1447,ExtremelyUnhappy
1448,MrTee
1449,mkbremom
1450,Naazi
1451,bjrds170
1452,KatsTablet
1453,D7162
1454,Sirfern86
1455,Megan
1456,Shanda
1457,DrG01
1458,Sawicky
1459,Parshu
1460,Coupe
1461,Iavn1
1462,LenTaylorWrites
1463,rushfan1
1464,Hne2005
1465,Aurelio77
1466,Drbelvue
1467,R2D2C3PO
1468,Smroward
1469,Dqueen
1470,Addy07
1471,mintoo
1472,Danny
1473,Kitten
1474,rayhan
1475,MrMac
1476,Kngovert
1477,Tuowls
1478,jedimaster
1479,Marykenfmc
1480,Sweetflower
1481,melni
1482,Happylife
1483,Johnamartin
1484,Elegirl07
1485,Jpan5447
1486,KTinthe301
1487,Alaska
1488,TechToys
1489,DarlingGrandkids11
1490,Em17
1491,Mona
1492,Lizs
1493,BigSky
1494,Auntie
1495,GANESH
1496,Sygaco
1497,Paloma
1498,Hawknbyrd
1499,Daveed
1500,hlmjbm
1501,Juanitoalvarez
1502,protector1
1503,bugs
1504,Shashi
1505,Lenbar
1506,mama5
1507,Rosado79
1508,Tricky
1509,Jesse
1510,soldado1
1511,teska
1512,MEII
1513,Toddy
1514,Kimmy
1515,nan2016
1516,Jasonc71
1517,POE714
1518,Tygerz
1519,KiKi
1520,santa
1521,Molly
1522,Bambino
1523,Grandma
1524,technogranny
1525,Karthik
1526,Jovanna
1527,Gina
1528,Gabby
1529,247mom
1530,Chas
1531,mikepapp13
1532,Slyguy1
1533,danny
1534,Bekah
1535,nita
1536,libby
1537,1985Taetx16
1538,Hubdad
1539,Ashman
1540,ThatGuy
1541,Chase
1542,Pritha
1543,onelove
1544,Staticmem
1545,Brigettewilliams40
1546,RCollins912
1547,elsa
1548,Granny
1549,das75
1550,Scheu
1551,b1nary
1552,Shutterbug
1553,Raulie21
1554,judyp14
1555,Katk
1556,Kennymac29
1557,MattieIce
1558,luvelectroniks
1559,Chinna
1560,Home1
1561,psychostud
1562,Clarabella
1563,Unknown
1564,vbruss
1565,Boymom
1566,TimC
1567,homemaker
1568,jjef
1569,jessxhart
1570,Wifie
1571,Kath
1572,red1
1573,Altman
1574,Rocker
1575,happ
1576,HLN500
1577,Deb59
1578,ksquillin
1579,ztlbxx
1580,LSGM
1581,ladydee71
1582,Bianca
1583,tank
1584,2112
1585,chi511
1586,Momof5
1587,paul
1588,Dylanika
1589,Beckie
1590,ChandlerBing
1591,darkangel1010
1592,Fire
1593,MissJanetLee
1594,watchtimer100
1595,Reneerid
1596,chi20
1597,clos2132
1598,itsme303
1599,Shawn
1600,Demi
1601,AnnieBananie
1602,JACV
1603,Josh
1604,rae89
1605,fuji
1606,CoachSean
1607,Lyss
1608,bonniebonesw
1609,Lala1
1610,Lindac
1611,ALML
1612,Susana
1613,Amazonqueen
1614,Shire
1615,Justin
1616,scobby9709
1617,Brenda
1618,Steelerfan
1619,NanainBeanTown
1620,Juicy302
1621,Joan1989
1622,Gingyd
1623,KenC
1624,Dubber
1625,HuHugo
1626,Alimae628
1627,kimsanity
1628,papa
1629,1254
1630,parizork
1631,Lyns
1632,grannybear
1633,Talia501
1634,HappyCustomer
1635,Mroldschool
1636,UncleChetty
1637,Hermosa
1638,Kia06usmc
1639,JohnDood1
1640,KGaines
1641,ToyGrandad
1642,Juligvkm
1643,Pmaxie
1644,MotherOf4
1645,Joey
1646,Obrad
1647,Charles
1648,JUD1213
1649,nest1819
1650,Skull
1651,LuanneKM
1652,Pjoann
1653,Weiser
1654,Justblade
1655,Longbeach5150
1656,Gamer
1657,Gramzof3
1658,Dottie
1659,MaizeNBlue
1660,Wighead
1661,Ladybug
1662,Cats2010
1663,ThatRandomReviewer
1664,moose49
1665,JonM1102
1666,KAL12
1667,Blondie
1668,texas21944
1669,TLMart
1670,eldog52
1671,hakunabcbc
1672,Mimi
1673,Prose
1674,shhimreading
1675,Boss
1676,ChargerD
1677,mike17
1678,Stan
1679,Cristian
1680,reader
1681,Allen
1682,Brynwithau
1683,angel
1684,AceZ7
1685,MAslp
1686,Dooly
1687,DowntownBrown
1688,sbennsanta
1689,Audra
1690,Sady
1691,Ana778941352
1692,Ssaviola85
1693,Ace1
1694,Chuey
1695,Tully1923
1696,pennilaine
1697,aaron
1698,Shortcake
1699,mrmckay
1700,MONEYMAKINGMAPP
1701,BPh1
1702,Momof2
1703,Thisguy
1704,Kenbrock3
1705,MegC
1706,Hugh
1707,jmhenry
1708,jecks
1709,RoseB
1710,Sasa
1711,Chanel
1712,Xamdersmum
1713,EliseC
1714,Ryan
1715,Martie1116
1716,bondmom
1717,Shizzam
1718,Mamax3
1719,hippychick
1720,Kevin
1721,conman
1722,Starchecker
1723,benjamin
1724,Miggie213
1725,Aria
1726,Momof4boys
1727,kimb
1728,Fredy1
1729,Cynfro
1730,Rlee
1731,lonely
1732,Trice
1733,mimi
1734,ATomP
1735,Nash
1736,BobbyDigtal
1737,Jays
1738,Trailblaze
1739,JoeW
1740,Steven
1741,Value6
1742,Fizz
1743,Ellis
1744,oufink
1745,rdavis4920
1746,jstac
1747,mikefree
1748,MWoods
1749,KensReview
1750,JShore
1751,ccrotts
1752,Discovery1
1753,BKBEMTP
1754,Mommyof4
1755,PatW
1756,JeremyRem
1757,Tina313
1758,MNUser
1759,Kmeireles
1760,Yomo
1761,Nanou
1762,Sandilopez
1763,doggggggy
1764,schmoozer
1765,Patty60
1766,Mawmaw
1767,Dana
1768,myfit2015
1769,trackiehigh
1770,Chacha
1771,Revverend
1772,maryann
1773,Tanya
1774,happygrandparent
1775,MissLucy
1776,MDCthatsme
1777,ark12131
1778,Daman
1779,trbldwine3
1780,Spot
1781,rsorbo
1782,meme
1783,RayC
1784,Jeckle
1785,HulaMama
1786,Tammie
1787,jazzy
1788,kingandmuvasworld
1789,Hexenbane
1790,Shawna
1791,TxnPwrBeard
1792,TVGuy83
1793,iggi
1794,Sharky
1795,Daisy714
1796,Lulu
1797,Jrsmith
1798,missramsey
1799,divapb
1800,Wheels
1801,Pedro
1802,Charlierose99
1803,pbrown
1804,Antiseir
1805,Scottschub
1806,Junior
1807,Jessica84
1808,Abam1280
1809,Boytigas
1810,Bandit78
1811,DryerThanBefore
1812,Jsw225
1813,Smooth
1814,tablet
1815,Minena
1816,Candy63
1817,Nursetel75
1818,Yve0904
1819,LeeLee
1820,Troutbum
1821,Keekee
1822,Jcarter
1823,Jayden
1824,AHS666
1825,Heather
1826,fivespeed
1827,supermom
1828,Hope
1829,Triway
1830,Mommysilver
1831,Victorvon
1832,Ampy
1833,Savara
1834,Gigi
1835,Yesh
1836,TRae
1837,Slikie
1838,1612
1839,Tweekem
1840,WifiG
1841,Anton
1842,TBiggz
1843,Ally
1844,disappointedauntie
1845,lucid417
1846,Superfoxusa
1847,Kburgess2
1848,johnbestbuy
1849,Jari16
1850,cadmark
1851,RobertNativeNewYorker
1852,Rme03
1853,BB808
1854,HHarville
1855,JDogg
1856,MrDB
1857,music2015
1858,dieselxdan
1859,Zerafin
1860,Gio07
1861,Grannyt
1862,Sunny
1863,Mom398
1864,Pj131
1865,Chinajam
1866,JayChiTown
1867,Freebird
1868,chery
1869,Melissa
1870,Urban
1871,GamersMom
1872,Medicangel
1873,jackie
1874,LoveTech
1875,dckrc
1876,Avaluv
1877,Monte
1878,Blue
1879,MyGus
1880,volunteer73
1881,Katalena
1882,Updt
1883,1mom
1884,Jmoney
1885,Sass2050
1886,Nirvana
1887,NateSoliz
1888,Raiderrulz
1889,Skyline
1890,grock2727
1891,Tessa
1892,jbarrmac
1893,Martikel13
1894,Zimmerman
1895,Lisdawnmag
1896,SpeakerFreak
1897,8856
1898,davood01
1899,babz66
1900,Tonyyo
1901,Pdavis
1902,Iceman
1903,steven
1904,RAJKIRAN
1905,Picky
1906,dysj
1907,Golf
1908,Tjmere
1909,omers
1910,Daddyoh
1911,Juanita
1912,Joey2380
1913,RobertT
1914,TechGuy
1915,Kelly
1916,nicki
1917,TXphotog
1918,Sinkr
1919,coreyavis
1920,Alber
1921,Randana
1922,Dranktheapplejuice
1923,Alex
1924,bubble
1925,jpjp
1926,kiyo
1927,jason
1928,Mollie
1929,aboye004
1930,Kellif227
1931,ronlen
1932,Momofgirls
1933,pogy
1934,DSuite
1935,harley110aniversary
1936,Icequeen33983
1937,Danaw
1938,Kashtown
1939,Dexterpie
1940,plasmajunkie
1941,54035723
1942,Lumia
1943,Terry57
1944,DeDe
1945,Mateo
1946,RDDG
1947,Iriss
1948,Elemteach
1949,Norman
1950,booklady2
1951,Hector
1952,Jimbo
1953,JustinJales
1954,WayneEnterprises
1955,Kairos
1956,Mandie
1957,sunny
1958,dbaron
1959,Edward
1960,rosakolb
1961,Hello
1962,monkeyman
1963,AngelicByrd
1964,Chula1
1965,Darcy
1966,bestbuyer
1967,riwa
1968,Mis12
1969,KBuyer
1970,hennessy
1971,Nortstar
1972,Geno
1973,Momfromga
1974,Jen58
1975,Tisha
1976,Phintz007
1977,kathy
1978,Jacque
1979,MintBeard
1980,Frank1400
1981,Destiny
1982,Abele
1983,Bkm2888
1984,silverbullet64
1985,JJacknAZ
1986,Aubbeyschell
1987,RealLifePrincessMommaOf3
1988,Maxi
1989,Shopper
1990,SHays
1991,EmptyLogic
1992,Trish
1993,senia863
1994,Mrjoe
1995,ikkicole
1996,Mcr89
1997,Doug
1998,MimiBabygirl
1999,BassManMN
2000,Pacdive
2001,DBG126
2002,Mommymoves
2003,Pewdewiepie
2004,hiyasar
2005,Willy
2006,BBuser
2007,Tony9485
2008,davidjacobs21
2009,anita
2010,KittyKat
2011,Glory
2012,emilyjones
2013,misterharley
2014,Hellswife
2015,nebrando
2016,PG13
2017,Vincentjay
2018,Virgil
2019,Chippy
2020,Raetron
2021,Grant
2022,Bradman
2023,Stacie
2024,pewterz
2025,Pugga
2026,Crawale
2027,Cubfan
2028,Jc2221
2029,sdecaf
2030,TTex
2031,Mechnugget
2032,Stacy
2033,MeeMee
2034,Pootiewoot
2035,Artstar
2036,LoveToShop
2037,PattiK
2038,pblee54
2039,Bevykay
2040,Kimyata
2041,X0rachel89
2042,Foxie
2043,rocknrolljessie
2044,Essie
2045,Petie
2046,MDeezyH2
2047,Becky
2048,Cidsue
2049,Lolalilly
2050,Susie
2051,katte
2052,susanl825
2053,Firekindle
2054,Sunlover
2055,Czach
2056,Chuy
2057,Ballerina
2058,soren
2059,Darkanqei
2060,TAii
2061,Eye1ulost
2062,Josie
2063,AmyLeigh
2064,LadyNixie
2065,Amazon
2066,CeeCee
2067,Colleen
2068,EllyP
2069,Susan
2070,Ledge
2071,jjljrsc
2072,RandyWatson
2073,DJof4
2074,Stainlessblack
2075,Alisha
2076,patn
2077,Suppy1020
2078,Walt
2079,Mbryan
2080,Justme
2081,Courtney
2082,Goodgame
2083,Nola
2084,Renessa14
2085,Ninja
2086,danyturco
2087,Shoosh76
2088,Poppy
2089,Kilo
2090,Dwight
2091,fire
2092,Wawa
2093,mugbug
2094,Htownes32
2095,Momofthree
2096,4MySis
2097,Dolphinfan
2098,gmo515151
2099,Melissa0414
2100,Dontbuy
2101,yimer
2102,jman
2103,WaterRat
2104,Gobucks13
2105,Johnny
2106,Blake
2107,Rjob74
2108,crlybrgr
2109,STFD20
2110,Nikvt
2111,yolo
2112,auntscrappie
2113,kkai
2114,DHBvilleIN
2115,lgfan
2116,Madden6777
2117,ThisClickAintFree
2118,guest
2119,Jojo
2120,MGilmer
2121,W4R333
2122,GD23
2123,Brat1
2124,Cajunconeman
2125,DonEH
2126,Sweetlady
2127,awsm
2128,Garcia24
2129,Jobin
2130,Tarun
2131,CJEFF
2132,Jandevito
2133,Suzmox
2134,Epinzon25
2135,Bestbuycustomer1
2136,None
2137,Saejosh
2138,Julumoru
2139,Coocoocachoo
2140,22Tronic
2141,TeachersEyewitnessNews
2142,okrednekgal
2143,Z71Cowboy
2144,Nannyjo
2145,botno
2146,blondie
2147,madrid
2148,Bertram
2149,Jinn
2150,Anthony
2151,Lakle
2152,porr
2153,JimMurdock
2154,Melanie
2155,VICKIW
2156,Nino
2157,shangels
2158,christina10
2159,ActiveOne
2160,Pearlie
2161,Martin
2162,mk1310
2163,Bella
2164,Katiebug902
2165,J2hott23
2166,mjaymesmoore
2167,Deyaan
2168,LMHagood
2169,Vijayan
2170,Kimmies
2171,Dail67
2172,MilesMommy
2173,Romeguy
2174,Kimberjo
2175,Cindy5150
2176,SweetADA
2177,Bamboo
2178,Sean5421
2179,Fritz
2180,topshopper
2181,Revuit
2182,marco
2183,Minimario
2184,jt123
2185,JamesBondFan
2186,BreakfastClub
2187,Rmatter
2188,mayra0484
2189,Bill9698
2190,Chelsey
2191,Lucilu
2192,PAULY
2193,Gonzolean
2194,liza
2195,Schuesgirl2
2196,Gam1
2197,seniorcitizen
2198,Peter
2199,Ipadair2
2200,Sarthak
2201,LindaK
2202,Supercow56
2203,Stillis
2204,Josh0526
2205,GoodPC
2206,hammer
2207,Boomstick
2208,zane1222
2209,Mom2boys
2210,femochie
2211,JandL
2212,Hhcabinets
2213,beatle0331
2214,Easyeddie66
2215,Faye
2216,Vanessa
2217,jesusmta
2218,jennieb1
2219,Anna
2220,ars9s
2221,beaukeen
2222,Sassy
2223,Love
2224,Kevinandkalii
2225,Adette
2226,Naomi
2227,Bbillie
2228,roka318
2229,bobz
2230,BB13
2231,Tootsie
2232,clw32oz
2233,Migies
2234,Ceejo
2235,irratated
2236,Rue8666
2237,PFGFH
2238,jdub
2239,Peacockmorgan
2240,Bud11dy
2241,Nerv2014
2242,Bell234
2243,cubiebear6
2244,marinemom
2245,Tdobby13
2246,Takamala
2247,smd3284
2248,bestimpressionz
2249,Retired2010
2250,9jamerican
2251,Maxe20
2252,Elizroybal
2253,Pigtownereject
2254,G8rgrad98
2255,SisterShoppers
2256,Emily
2257,Ronny
2258,MartinMom
2259,Taylor
2260,tutii
2261,CameroJim
2262,marie03801
2263,MommaT
2264,Kris1990
2265,Mario
2266,SNMJR
2267,keeling46bb
2268,Donna
2269,link
2270,Usher
2271,JessicaPerez
2272,rajkiran
2273,JEM58
2274,AlexaTheDOT
2275,karue
2276,Emilydub
2277,Debm05
2278,Eliza
2279,Pegs
2280,Kelley
2281,CDDs
2282,EBIII
2283,DeeJay
2284,Mtlugoff
2285,Will42
2286,GrammyTeapot
2287,Travo
2288,Panda2018
2289,Zumbaqueen
2290,Reader
2291,JayPeck
2292,ukie
2293,Michelles3
2294,Chuckie
2295,FireGuy
2296,NCGuy
2297,Ellie3
2298,Erin
2299,HonestReview
2300,Princess
2301,Shibby
2302,cnicole114810
2303,Bearsfan
2304,Flash
2305,arghe11282
2306,missy
2307,ycart
2308,Alberto
2309,Becca
2310,Malibu
2311,Blackbaby1
2312,Vannie
2313,jdub2857
2314,aspen
2315,Colin
2316,Goofycolucci
2317,LDeBerry3
2318,sofiasmom101
2319,MissHarm
2320,tmcg
2321,Bernard
2322,Sherell
2323,Kim3
2324,carolann
2325,Desperado
2326,javajenny2k
2327,Redz
2328,Tisdale0504
2329,nikki
2330,mavial
2331,MARGARET
2332,BestBuyUser
2333,BobS
2334,Kindle
2335,Jabba
2336,One2free
2337,Gmom
2338,maggie
2339,austin512
2340,Marg
2341,Fastalker
2342,NICK
2343,Brezz
2344,Stayfran64
2345,amistad
2346,Jordan
2347,HMike
2348,MyAbby1
2349,edmr
2350,Tablet
2351,Kennymac
2352,Halibit
2353,Shise
2354,Angelsobe
2355,lvmydog
2356,Onepome
2357,MsChay
2358,Mbat
2359,scoot
2360,Caije04
2361,pam28594
2362,Tral70
2363,Moomoo
2364,Jfray
2365,SamTheCustomer
2366,Julie
2367,Nurse86
2368,Movieguy
2369,Crowhitt
2370,Porsha85
2371,kcfla
2372,TylerPS
2373,Stacaw
2374,Deanna
2375,Gqlal
2376,Aaronk6387
2377,Dee51
2378,neon
2379,Zavala
2380,Maddog
2381,Sirlucas4
2382,bear
2383,Jkool1
2384,Natty
2385,Bestboy
2386,nanpuf
2387,Zariiyah
2388,faceman
2389,Msh421
2390,Kibil
2391,Tigger
2392,CaeRock
2393,latoshavns
2394,Isaac
2395,Acullen
2396,Auburngirl65
2397,ZIUK
2398,breezykee10
2399,AmateurGoProer
2400,Jimfox45
2401,Toshalee
2402,ccdriver1099
2403,Pumkin81
2404,LarryT
2405,Fingers72
2406,ThatFriendWhoAsked
2407,Tina
2408,Product
2409,DoubleH
2410,raulsk
2411,booboo
2412,marine1961
2413,10100915
2414,DaQueen
2415,Momma
2416,Marisa
2417,russ
2418,April
2419,Yazmin
2420,Aidans
2421,Star
2422,Tnay
2423,twins
2424,Jayman
2425,INWOMAN
2426,Annoyed
2427,nvcop
2428,Jtor007
2429,Cornell
2430,Mandy
2431,Stephy
2432,siva
2433,jerseygirl
2434,Bo75020
2435,Gifter
2436,Pglmr
2437,highmaintenance
2438,Yoli
2439,Shadow1966
2440,Erica
2441,Johnny01
2442,Itsy
2443,Keth181
2444,6392
2445,Ajia
2446,WesNet
2447,Alwaysbl1nk
2448,TheCritic
2449,Eeyore57
2450,smellthemallair
2451,Dkw1211
2452,Gadgets
2453,MatSW
2454,Toshamarriiee
2455,Cherbear
2456,VaBeach
2457,Holmes
2458,SHADOW23STALKER
2459,Drjim
2460,Stevarino
2461,GEM310
2462,dwade39
2463,Gurkha
2464,bigislandwave
2465,rayray
2466,BobM
2467,DaveinKansas
2468,techgeek
2469,Neeko
2470,TempeDiablo
2471,Sig20guy
2472,redluong
2473,1-Apr
2474,tifnbil
2475,Marken
2476,Maryann
2477,NTKramer
2478,cantuc
2479,Dcmurphy1515
2480,JohnS
2481,cslaght67
2482,bill
2483,oldschool
2484,DPC3
2485,Tommy
2486,TerriD
2487,lntr4550
2488,Finicky
2489,BuckS
2490,chloe
2491,Technogeekster
2492,betty883
2493,GG13
2494,AmandaPanda
2495,davepjoneshen
2496,ezze110
2497,toeka
2498,Townes2
2499,WKKA
2500,CellPhoneGuy
2501,fatpants
2502,Jbheels
2503,PlasmaGuys
2504,fvsucat
2505,Scottlyn
2506,Vette
2507,LARudi
2508,Lafeyette
2509,pneks2001
2510,Fenn0316
2511,Izzy
2512,Msvlm05
2513,Captsky
2514,metacuate
2515,Anacortes
2516,AMA2
2517,Kokko
2518,DodgeDart920
2519,JOCHE
2520,Johnnie
2521,Kleber
2522,natm
2523,Brayden
2524,kcerps
2525,NeoBlaze
2526,Jobendab
2527,Caboman
2528,romaeeeeee
2529,Fredd
2530,Davek
2531,Ohellknow
2532,MrGGarry
2533,TJay
2534,imakev
2535,Lizmomof4
2536,tinkerbell2
2537,Mtbike
2538,Janderson10
2539,IbDAH
2540,Rocky
2541,Will
2542,JP315
2543,Tmp24
2544,AnthonyZ
2545,Hank
2546,Jusandy25
2547,Rickyvic
2548,jacoba
2549,Wgnyfinest
2550,Poppycjb
2551,kennyman
2552,MrDX
2553,Akadink
2554,Alky
2555,Louavulmike
2556,Pannow
2557,Sparkygirl
2558,RickR
2559,StereoDJ
2560,Papa
2561,LadyD
2562,JohnA
2563,Phobia3000
2564,Fishnan10
2565,Breezy
2566,Akrin
2567,Friend
2568,father
2569,BobbyG
2570,Ktee
2571,MikeNof
2572,Gdub61
2573,Concert
2574,LillyMiami
2575,Pick
2576,richmond282
2577,Sam318
2578,Bunny
2579,Scearls
2580,Davesmith82
2581,Buckeyew
2582,TinaV6201
2583,Jsanchez
2584,Slamajama
2585,Frangelica
2586,Lanette
2587,LooLoo777
2588,haiisenberg
2589,ibeb71
2590,bob2531
2591,CraigJ5974
2592,Collygirl
2593,Rittir
2594,opchiasm
2595,momof2
2596,Jvier
2597,Pagnmickie
2598,jude70
2599,Stephenm
2600,Dave3635
2601,MonLaRose
2602,MaloIrukandji
2603,GSK7
2604,Jeepster
2605,jeopcon69
2606,B6W356
2607,Jo55
2608,RugbyRef
2609,Savageks
2610,Sonny
2611,Writer
2612,MusicLover
2613,Supahfree
2614,smvere
2615,samboo
2616,clc4912
2617,Coffeeme
2618,agzela
2619,Bugbasher
2620,BestBuyjukie
2621,Np71
2622,LookoutNoah
2623,Chris201
2624,MzPat
2625,str4920
2626,Wardog21
2627,Niceguy
2628,DWOdom
2629,Flintlock
2630,funfam3
2631,Ernie
2632,Venti
2633,Eaglenut1
2634,Janfer
2635,eddylaura
2636,hulio5
2637,Tapmethis
2638,Werda64
2639,DaveGS
2640,DaddyLife
2641,Ranger
2642,Bubba62
2643,Mainesnow
2644,Amblate
2645,gloria
2646,ScottyB
2647,Quiltslady
2648,Sher
2649,Hiltonhead
2650,Kevobuy
2651,Grammy
2652,ljbinion
2653,MarvintheMartian
2654,SummerDay
2655,TabletQueen
2656,Turtle
2657,mamengineer
2658,Abner
2659,Zigpig
2660,Sgard
2661,gram
2662,Casy
2663,HVAChelp
2664,RobDrob
2665,Ob1mn
2666,pattichr
2667,jewel2
2668,Eddie
2669,smurf1960
2670,IlanaY
2671,NIKE
2672,Carolyn1940
2673,1244
2674,Convert
2675,misssnappy56
2676,Smsanchez1213
2677,confusedmama
2678,Denis
2679,Budd
2680,ReadsDaily
2681,Jus10nHouston
2682,CHUCK
2683,docw
2684,teresa052
2685,Tucka
2686,Jodyc
2687,scratcher36
2688,ayc61
2689,Prazmatic
2690,Lot49
2691,KEW68
2692,IH818
2693,Jobie
2694,BigBad
2695,BestPurchaser
2696,Cath
2697,SW8442
2698,mommamia
2699,Cjackprays1
2700,Mayo
2701,ddscullyga
2702,Dick
2703,JLT421
2704,KilpatrickRed
2705,BobVila
2706,drdread
2707,Roxanne
2708,Butterfingers
2709,Parcoin2
2710,Vinny61
2711,rlmgolfer
2712,grayson41
2713,ddOH
2714,tankbuster39
2715,Olds442
2716,Mitchy
2717,Bill5
2718,Want300
2719,dempshw
2720,Michael1412
2721,candysreview
2722,ssc6
2723,Angfoo
2724,sherrybelle
2725,phyther
2726,MadMack
2727,Redtop
2728,Twin
2729,Bbshop
2730,Gmamarcia
2731,somileo
2732,SteveW
2733,Gator
2734,Scogar
2735,JenniferLNM
2736,Karrush
2737,johnboy
2738,jmac568
2739,DebraPants
2740,Holycow
2741,Madwildcat
2742,AmoM
2743,klett
2744,Bamboozler
2745,Erik
2746,Ivan
2747,Welsh
2748,Xander
2749,Tamousku
2750,TechWizFL
2751,Puglover
2752,chmiss
2753,8598
2754,Coach
2755,Rmpcbj
2756,vpavbbm
2757,Tookeno
2758,senna5309
2759,Soccermom
2760,peoplebang
2761,69chopper
2762,kief4
2763,MaxWitherspoon
2764,Dskies
2765,DanieJack
2766,jjg01
2767,Cass
2768,AvidReader
2769,WhoMe
2770,Quinn
2771,JaiL
2772,JKL73
2773,Texassue
2774,dlb1
2775,Gameon
2776,Delver1
2777,Augie
2778,BradmanTX
2779,swhittak
2780,BestShane
2781,Deebs
2782,Creede
2783,Moose104
2784,Bobb
2785,lesliebk
2786,greygirl
2787,Stevmathew
2788,Caskade
2789,almosta
2790,SMAC
2791,Libbie
2792,Sparky742
2793,Knight
2794,lIbrarylady
2795,Earthdog
2796,jayfrombk
2797,John7781
2798,John204
2799,opsmgr3774
2800,PopPopPoppingCorn
2801,QOE620
2802,Evan
2803,floridapete
2804,kls6199
2805,Janet
2806,wallymich
2807,flex3117
2808,Steph05
2809,HDelbrucke
2810,jedkon1
2811,Shays115
2812,KeepItSimple
2813,rkfb
2814,panski
2815,zRoyals
2816,reviewer
2817,Ninjarob
2818,winstonsdad
2819,Kaya
2820,Mijenx
2821,MovieDad
2822,Tiffj
2823,Edie
2824,Alo73
2825,Bernice
2826,Osmaidi
2827,jubyjack
2828,Panos
2829,RonG
2830,fungus42
2831,jdag
2832,OftheCat
2833,tiger
2834,chyoung
2835,houl
2836,DMan
2837,jimr757
2838,Drej1785
2839,BlindSeer
2840,DesktoptoLaptop
2841,RecceGuy
2842,Aleek
2843,Gdwillia
2844,Hillpark
2845,Katie1117
2846,2k4k
2847,katie
2848,DLC320
2849,Britta
2850,Jen24
2851,truckguru
2852,RickN2244
2853,seenu
2854,ReviewerExtraordinaire
2855,Chartholomew
2856,Kaitkins
2857,PJOS
2858,Woodzy
2859,Kstategirl
2860,Timothy
2861,Sfisher
2862,tom62
2863,TAT4
2864,Ou812
2865,Jerry
2866,LobosFam
2867,Maximus
2868,DC74
2869,Gemini117
2870,Sadiee
2871,Freezing
2872,EZDUZIT
2873,treehuggnmom
2874,PurpleRoz
2875,Jazz
2876,Gregschaub05
2877,GeminiBrenda
2878,JMH28
2879,GrayMark
2880,AL2016
2881,blargh22
2882,candy
2883,Tasharazzi
2884,sheri
2885,Tynya74
2886,jrcfh
2887,ucantcme69
2888,ellisonh
2889,Hoot57
2890,Topher
2891,dcal1959
2892,apple
2893,Stacymcj
2894,Brathead
2895,wildflower
2896,Cruz
2897,Ericka
2898,Kindle4Mom
2899,Jonathan
2900,Fran
2901,FDJBuyer
2902,MichiganDude
2903,LadyG0726
2904,HappyNerd
2905,North0529
2906,Goldduster
2907,gdallen58
2908,Scangen
2909,Pookie
2910,Bouncer
2911,Glorybound
2912,QuitaMomma
2913,rezawimath
2914,Canadian
2915,MakenaBeach42
2916,Selly
2917,AerieJoyce
2918,Collegekid
2919,Sunnygirl20
2920,AZ23b
2921,Judd
2922,MrMig
2923,natenkatesmom
2924,pointermom
2925,rmills7
2926,Miller
2927,Cubsin2016
2928,Agarcia
2929,luna
2930,mruiz9
2931,lucky
2932,JoJo
2933,Bobby09
2934,GaTraveler
2935,Jslu
2936,daniel0son
2937,MamaP
2938,happybuyer
2939,anil
2940,Xaso
2941,Jada
2942,AFPRO
2943,Shelleyp
2944,sg77
2945,Home
2946,adedios
2947,Selk
2948,Avery
2949,Me2016
2950,CitizenOfTheWorld
2951,Scooby
2952,Stew
2953,RudiP
2954,Klingejm
2955,Steve2111
2956,truman
2957,Mavsfan09
2958,Suzy
2959,WentzvilleFamily
2960,JCD1
2961,Rich
2962,Belle
2963,Kml001983
2964,Tazman
2965,EddieG
2966,AcidBobJ
2967,Joan68
2968,Ricardo1agui
2969,SpencerG
2970,drummer1961
2971,PJWSTKTN
2972,JandM
2973,Yesman
2974,Ivanmanxi
2975,Allison
2976,WDExternaldrive
2977,bart
2978,DLynne
2979,KatNat
2980,Hargrave
2981,UltimateHamm
2982,Shadyshaw
2983,Stephen
2984,Mukesh
2985,mrdodgercazul
2986,Nanaof5
2987,ramita
2988,Lecale
2989,MrLemonjello
2990,TimothyDon
2991,higear
2992,lpgonn
2993,jimtech
2994,Boopette
2995,BBBOB
2996,Yani
2997,surfacegal
2998,drs23
2999,Jami
3000,adeline2010us
3001,Praline
3002,Morning
3003,Lemm
3004,Farmboy
3005,Kobe
3006,WiggyWoo
3007,icanjp
3008,ProudDad
3009,SXMgiftcardman
3010,slappy1
3011,CaptinVic
3012,Preeb
3013,ericandlisa
3014,smoothrider12345678
3015,user
3016,Shun
3017,BestBuyJM
3018,MTR81
3019,RAMTOO
3020,luckybug
3021,Cdragonsky
3022,CoCo
3023,loug
3024,goglobal
3025,viejo1973
3026,Tashie
3027,Rosario
3028,Vickie
3029,Brett
3030,SDgeek
3031,Michi
3032,Mingo
3033,thegreatma
3034,robz
3035,Jay2017
3036,Gabigale1
3037,customer
3038,crabbyostrich
3039,CasualFan
3040,CarolDD
3041,cggirl
3042,Deanna58
3043,tech7
3044,Jmarie
3045,rchat
3046,Jerichodaman
3047,Siv121
3048,Ozzym
3049,HondaVtec
3050,Taylormade
3051,chk940
3052,tctapes
3053,Mzmaria
3054,orrville
3055,jleininger
3056,keemakitty
3057,KyloDen
3058,JustJen
3059,Memphis030307
3060,Epoks
3061,sally
3062,9305
3063,Dewy
3064,BlackOrpheus68
3065,Caroljoy
3066,Bigapple
3067,Broadwayman
3068,Meme
3069,ST19
3070,Curlygirl
3071,jawz
3072,JENK201
3073,Firesout
3074,KenJ
3075,Blahblahsomeone
3076,Awesomelena
3077,Smurf
3078,Bluedog101
3079,PN123
3080,Sandan
3081,photodude
3082,Atwilliam
3083,Juneplum67
3084,lorena
3085,kev723
3086,Misslabyrinth48
3087,Gadget
3088,Plt1
3089,keith
3090,DARREN1
3091,smarttv
3092,STL5
3093,DaveZ
3094,alabamatik
3095,Gunni
3096,Trblmkr
3097,Kid7735
3098,sherry3
3099,monkey
3100,MEFlady
3101,CherylS
3102,yagga
3103,Jaes
3104,Fredbear
3105,Maze209
3106,Beech
3107,Tito
3108,MRsinc3r3
3109,texas
3110,HotTNMomma
3111,Noneya
3112,BigO
3113,Arun
3114,Tgiberson
3115,dm32563
3116,Jill
3117,COCO
3118,dpeter
3119,amontg
3120,Animal51
3121,sebo1
3122,bworth37
3123,Shopper05
3124,Lindle
3125,DMS13
3126,Somebody
3127,GOBstopper
3128,w8261
3129,TACO
3130,ldouglas
3131,Ursamajor
3132,nickname
3133,therock
3134,Blatzphomy
3135,KokomoGuy
3136,btdpi
3137,Sweet17
3138,hockey78
3139,SamtheSham
3140,liltweetaf
3141,Burnsfly
3142,Tom17004
3143,Fifa12machine
3144,evan
3145,Andrewwarren
3146,Starr
3147,rickyvic
3148,StarWars3DGeek
3149,simp141
3150,Gasman33
3151,Monic
3152,bobby
3153,Otterboxbuyer
3154,caca
3155,TECHK
3156,ttredraider
3157,gene
3158,Mike77
3159,Renne
3160,sticky
3161,Sail1
3162,Speedy
3163,LittleAVGuy
3164,Quilter
3165,TaterX
3166,john1509
3167,Jane17
3168,BenNguyen
3169,chevys10
3170,GREAT
3171,Mia1
3172,Mgates
3173,redhead
3174,Likrockdiesel
3175,Wesley
3176,teslas
3177,Jazthepanda
3178,kmat
3179,Blckprince
3180,1gra
3181,Wagz11
3182,Jnev
3183,Yash
3184,Clueless1
3185,HP09
3186,Rodman22
3187,KEFF2
3188,PhilKG
3189,Shae
3190,dmcgimpsey
3191,macfan
3192,RanStan
3193,magnoliacorner
3194,Carter
3195,Sandy
3196,Mikeh
3197,ereaderreader
3198,Brigitte
3199,countryphotography71
3200,tealady
3201,LoungeLizard
3202,Jacobplays11
3203,goblue69
3204,khoffee
3205,Factchecker
3206,CCSLC
3207,Acidburn1
3208,MyishaS
3209,Tjsteward
3210,Charlie
3211,shane
3212,Sally
3213,guiz
3214,lossotos4
3215,semojr
3216,Miguelitotres
3217,dhunt
3218,Palmor
3219,BlueJeans
3220,JimB88
3221,Esflor
3222,eurob
3223,D7A8
3224,Amiekat
3225,minnow
3226,Satisfiedcustomer2016
3227,Marisha
3228,Sbux1
3229,Jared
3230,SeanRyan
3231,Slim
3232,Veebee
3233,Rickster
3234,Dgreat
3235,JoeSa
3236,JGDomke
3237,Fred0149
3238,MtnManMike
3239,Wife
3240,Teddi
3241,jomamma
3242,YesyV
3243,HappyShopper
3244,Eicfi
3245,AlliP
3246,Tattooedindian
3247,Rick1101
3248,Moe1
3249,metalbabe81
3250,businessman53
3251,Tazmin
3252,DynaMan
3253,Shep
3254,Boffin
3255,Papajoe
3256,Abriryan
3257,ochy
3258,Yopepe
3259,Chevygirl
3260,babe
3261,Ohana
3262,amjk
3263,JDee
3264,oldandretired
3265,DS47
3266,Kld653
3267,TerBer
3268,esanch31
3269,Goober
3270,Benjamin
3271,Cuevas
3272,Zoey
3273,Eswole
3274,bluesky2000
3275,Edub71
3276,Nely
3277,MSum
3278,ChicoMalo2
3279,explore42
3280,Sandi987
3281,Carolskendel
3282,hardaway
3283,Bubbles
3284,Slystone36
3285,Roscoe2365
3286,washer
3287,BarbaraM
3288,Randy2
3289,sunbonnet
3290,notonfire1
3291,GolfQueen
3292,itsallme
3293,MeenaSai
3294,lexa
3295,Richardm1981
3296,GGinBC
3297,DARREN
3298,Rick07
3299,Richie
3300,Tyree
3301,JTShep
3302,wcpitboss
3303,hotleggs
3304,Barbie
3305,Gram
3306,Katherine
3307,IHEARTsxm
3308,GwenG
3309,OneM45
3310,Munoz425
3311,runik4444
3312,Zoom
3313,Butterfly
3314,eman2003
3315,Augieh
3316,Lexiplexxxxxi
3317,gmdean
3318,Johnboywalt
3319,PawPaw1412
3320,Jr10
3321,hank
3322,photogshooter
3323,BigMac
3324,DonJ
3325,Doubledee
3326,jellyberry
3327,Tron
3328,Cooldad
3329,gr8whtshrk
3330,bobalouie101
3331,cableguy513
3332,malabrot
3333,Melikey
3334,Phil
3335,Alf56
3336,DeAnna
3337,iowaman44
3338,Ksdad16
3339,Weritabonita
3340,tamtts1948
3341,LazyParent
3342,erockmon
3343,soccermom
3344,Wazzie65
3345,TommyL
3346,PCTech
3347,Rdeleon
3348,ronnie
3349,Ozzie
3350,preciousmickeyfan
3351,dandandan
3352,Wanoo
3353,RudysReview
3354,AnandPatel
3355,burns
3356,Fiero
3357,gUdsNax
3358,Jgp1
3359,CLKC
3360,Teresatf3
3361,mydaycare
3362,Jinzheng
3363,anferni671
3364,doglover
3365,Billy
3366,Negrosylar619
3367,roxxx
3368,pjae4121
3369,Samsungjunkie
3370,bjenk
3371,gorzalskism
3372,JWF46
3373,Vadher4799
3374,Chavez
3375,mediaropa
3376,barom
3377,Billie
3378,Dropp
3379,Dilly
3380,Skore
3381,Reviewer
3382,tinkerbell
3383,gameraim
3384,Notdub
3385,devinhenkel
3386,Deb1958
3387,JWGRANT2
3388,boste03
3389,ISUgal
3390,MotivRud
3391,TheoG
3392,genius
3393,alderave1
3394,canman39
3395,Djoyner
3396,Duluthian
3397,Jigs
3398,Newwers
3399,Ingie
3400,Aguirre
3401,needabreak
3402,Joe12345
3403,cjsoto2
3404,TomP
3405,dennislwalker
3406,Unique
3407,LeoHan
3408,techy
3409,Edysel
3410,onevarg
3411,46chevy
3412,ndfer
3413,Socks1971
3414,KitKat
3415,gllanes
3416,kokirios77
3417,Desire604
3418,Bemis
3419,poorteacher
3420,Saratogagal
3421,msnutnhoni
3422,Mboo
3423,Kary
3424,txchauffeurmom
3425,Jeremen344
3426,julio
3427,GoodHopeGal
3428,Geena
3429,Shak
3430,Lumpy
3431,natgeo
3432,Scooby2
3433,Sheri
3434,Krmjjb
3435,Rat1m
3436,isaacruiz84
3437,ant12
3438,shaneb2017
3439,Prady
3440,EDrive
3441,buddah1
3442,PLeyava
3443,Darjon
3444,MTgirl406
3445,Nancy
3446,Ebald
3447,Johnb09
3448,BajanPrincess
3449,Kojack
3450,SkierBill
3451,bpapa24
3452,photodog
3453,Bernie
3454,LPark
3455,tsh2
3456,kjella
3457,Notsotechie
3458,polaris
3459,rcuti
3460,00Gambler
3461,Flores1984
3462,Lilshorty917
3463,Turbo
3464,Slydawg
3465,Khrysoar
3466,BGriff
3467,Intheknow
3468,happyuser
3469,randomA2resident
3470,MrsB21
3471,FootballKicker
3472,Gordon
3473,Kat21
3474,Boochie1
3475,rys1981
3476,silverwhop
3477,Joneal5136
3478,Miaa
3479,lizyinmt
3480,Ajay
3481,Diamond2
3482,nsbagadio
3483,Compwhiz1313
3484,7758
3485,Mytwoboyz25
3486,JRein
3487,MTH51
3488,Tabl
3489,Leigh
3490,gimpy72
3491,Xersize
3492,NaveenKumar
3493,Peterg
3494,8910Persons
3495,JROC
3496,Bluegodis
3497,drjpitbulljudge
3498,MartiAn
3499,Elaine
3500,Connie
3501,Judi
3502,Edixon206
3503,luiscueva
3504,Tam77
3505,DebC
3506,MMRS29
3507,CJTHERAINMAKER
3508,Videoman
3509,LabCab
3510,Meman220
3511,Juan
3512,Nathan
3513,Sillg1
3514,Ipadjunkie
3515,Pauline
3516,Harwood
3517,world
3518,Nette
3519,teddybear
3520,jlong
3521,BMosley
3522,Freebap36
3523,boboh
3524,Theriflemen
3525,yokod
3526,jwilburn
3527,Yoli91
3528,Natalie
3529,joesedita
3530,Lion1
3531,Rama
3532,Bigal658
3533,Toys2016
3534,Scorpiobleu
3535,Dree
3536,Leroi7
3537,Kay102
3538,AKTam
3539,Allie
3540,bobe55
3541,Jenco
3542,gigla
3543,brent
3544,Madi1955
3545,Shane
3546,sunkamanitu
3547,trussit
3548,Onaleona
3549,DJPB
3550,Angela
3551,Mrskim
3552,bbartunek
3553,NateDogg
3554,jfishy112
3555,Polly
3556,Nanna
3557,Parrish6K
3558,Reality1373
3559,Ivonne1973
3560,wheels
3561,Ryan1972
3562,nick
3563,Soundguy
3564,Sammie
3565,Brandi
3566,Pink
3567,Debra
3568,JCUT42
3569,Cincy05
3570,davnor
3571,Simple
3572,Rhino
3573,JennTerr
3574,PegAtTheBeach
3575,Carn
3576,JerryA
3577,Manny
3578,pammy
3579,rabbit
3580,beejay
3581,Pinger
3582,kimmy
3583,Pumpkin
3584,JohnP
3585,Bones
3586,Katsradio2014
3587,Mara77
3588,Kat16
3589,SurfingJohn
3590,ThisFord
3591,GloB
3592,Rmptat65
3593,Cavllie
3594,Josaphine
3595,mysttribe
3596,Bruce
3597,Tee9
3598,androo
3599,shorty
3600,Cassandra
3601,Hear
3602,Ziggy
3603,Bkemtp
3604,tmbdoc28
3605,Shorty
3606,roje1
3607,Mama1971
3608,5370
3609,EDixon
3610,Ranky
3611,Manda
3612,BtownFarmer
3613,NJV1
3614,latinistra
3615,andersonshell1972
3616,Matan
3617,mrsw
3618,Jane
3619,Papaw
3620,Buck
3621,Beepersp17
3622,GerryGeek
3623,Alwaysonthego
3624,Timmy
3625,Awesome55544
3626,Grandma2four
3627,Tricey
3628,Sexykitty2014
3629,Julds
3630,gamerbot
3631,Jtdt
3632,Chadp81
3633,rabbitmv
3634,Bookmdanno
3635,ecasill2
3636,Kindleking
3637,Retired210
3638,Kingoftheworld
3639,vskroo
3640,MRCQ
3641,Amandalee2317
3642,fotobug224
3643,Ronrico3
3644,reality1373
3645,techlady14
3646,Alyson
3647,Amanda83024
3648,david2437
3649,Peppy
3650,Teach
3651,Psychobilly
3652,edrianjude
3653,Sparkle
3654,dicksquared
3655,Tami2102
3656,Lyric
3657,Hawk
3658,molady
3659,DL1976
3660,mom5
3661,MikeW
3662,WyldeBill
3663,jacks
3664,Gustavo
3665,Momomorrell
3666,Fonlee
3667,Radx
3668,coolcat
3669,Scooby423
3670,Darius
3671,MICPRN
3672,Marge
3673,EileenM
3674,JusGellin
3675,Jmackcr
3676,BMack
3677,TechLover
3678,Darque
3679,pemcc72
3680,ReyS
3681,Subob
3682,mama24blessings
3683,Bridge
3684,Mzmoulder
3685,Jrb1
3686,Gamer69
3687,N1BBcustomer
3688,Poise
3689,CsMe
3690,tabman
3691,jen53
3692,Readerman
3693,Toad
3694,Ramiro19
3695,Quixotic13
3696,Lester
3697,Kiki
3698,Rosie
3699,Bradley
3700,C123u
3701,icwhatudidthere
3702,MasterMan
3703,FanofBestBuy
3704,Fitzi
3705,Vinnie
3706,kpartipilo
3707,katgranite
3708,beth
3709,Jimfirstname
3710,BongSaw
3711,Punkini
3712,kals
3713,philipsmom
3714,Hermes25
3715,Diego
3716,Bart15
3717,Angelina
3718,Spike
3719,peaches43
3720,WaMoo
3721,Guinn
3722,cdman1214
3723,ravip005
3724,Bgold
3725,Mabi52004
3726,Squirrel
3727,skypilot52
3728,jlpd
3729,Twerkd
3730,Chiron
3731,lac1223
3732,LoneWolf
3733,Elise57
3734,santon
3735,lous
3736,techpad42
3737,merafa
3738,RJKK
3739,kmac
3740,GARY
3741,ChiKali
3742,TracyBCOBruin
3743,Jetsboy
3744,Sluggo2013
3745,Purchaser1
3746,oldjohnsr
3747,jncneal
3748,BestBuyer
3749,ShowMeSenate
3750,FloridaOleFart
3751,TRLPEACH
3752,PatriciaB
3753,Gwyndolyn
3754,Bucsfanatic
3755,Nuxxer
3756,MJMAC
3757,Racyta34
3758,masonboy
3759,PreacherMike
3760,Petemoll
3761,LoveToRead
3762,Lynne134
3763,mnbdude
3764,Tlapee
3765,misterclean64
3766,Bob5397
3767,SpartyForLife
3768,Turtle1
3769,Ronnie
3770,Ellen
3771,Tessellation
3772,staffmeeting
3773,BeAsY
3774,jogger
3775,lasmileysm
3776,cames72
3777,ChrisH
3778,Stephwilkes
3779,usbuser128gb
3780,Katzmews
3781,Papajuliet
3782,dinog
3783,joel
3784,Annita
3785,rpspider
3786,Stalin
3787,dmod
3788,PaulsRv
3789,Themasterpiece
3790,badgerdog
3791,Bob43
3792,Gwalk96
3793,case013
3794,Cinder12
3795,KayP
3796,Mauro
3797,satisfiedcustomer229
3798,Peggy
3799,Precious
3800,Murr
3801,Lshaft1
3802,SWR55
3803,Melita
3804,wiseguy
3805,julyfly
3806,strick
3807,thatwasfun
3808,Mar-99
3809,Hoss
3810,JackieG
3811,QueenT
3812,Toddler
3813,litle
3814,gracie
3815,Mrbilly
