ProductID,productCode,name,asins,CategoriesID
1,AVqVGZNvQMlgsOJE6eUY,"Amazon Kindle E-Reader 6"" Wifi (8th Generation, 2016)",B00ZV9PXP2,1
2,AWFUWc8THh53nbDRF6YO,"Amazon Echo Show Alexa-enabled Bluetooth Speaker with 7"" Screen",B010CEHQTG,2
3,AWK8z0pOIwln0LfXlSxH,"Amazon Echo Show Alexa-enabled Bluetooth Speaker with 7"" Screen",B01J24C0TI,2
4,AV-XeQLWuC1rwyj_gbP5,Amazon Fire TV with 4K Ultra HD and Alexa Voice Remote (Pendant Design) | Streaming Media Player,B01N32NCPM,1
5,AWMjT0WguC1rwyj_rFh3,Amazon - Echo Plus w/ Built-In Hub - Silver,B06XB29FPF,2
6,AVpfIfGA1cnluZ0-emyp,Amazon 9W PowerFast Official OEM USB Charger and Power Adapter for Fire Tablets and Kindle eReaders,B00QFQRELG,1
7,AVph0EeEilAPnD_x9myq,"Fire Kids Edition Tablet, 7 Display, Wi-Fi, 16 GB, Blue Kid-Proof Case",B018Y22C2Y,1
8,AVqVGZSEQMlgsOJE6eUc,"Kindle E-reader - White, 6 Glare-Free Touchscreen Display, Wi-Fi - Includes Special Offers",B017JG41PC,3
9,AVpgdkC8ilAPnD_xsvyi,"Fire Tablet, 7 Display, Wi-Fi, 16 GB - Includes Special Offers, Black",B018Y22BI4,1
10,AVqVGWLKnnc1JgDc3jF1,"Fire Kids Edition Tablet, 7 Display, Wi-Fi, 16 GB, Green Kid-Proof Case",B018Y23MNM,1
11,AVqkIhkhv8e3D1O-lebZ,"All-New Fire HD 8 Tablet, 8 HD Display, Wi-Fi, 16 GB - Includes Special Offers, Blue",B01AHBBG04,1
12,AVqkIh9HQMlgsOJE6fu_,"All-New Fire HD 8 Tablet, 8 HD Display, Wi-Fi, 32 GB - Includes Special Offers, Blue",B01AHBDCKQ,1
13,AVpfpK8KLJeJML43BCuD,Amazon Tap - Alexa-Enabled Portable Bluetooth Speaker,B01BH83OOM,1
14,AVpidLjVilAPnD_xEVpI,"Fire HD 10 Tablet, 10.1 HD Display, Wi-Fi, 16 GB - Includes Special Offers, Silver Aluminum",B0189XYY0Q,3
15,AVqVGZO3nnc1JgDc3jGK,"Kindle Oasis E-reader with Leather Charging Cover - Merlot, 6 High-Resolution Display (300 ppi), Wi-Fi - Includes Special Offers",B00VINDBJK,4
16,AVphPmHuilAPnD_x3E5h,"Amazon - Kindle Voyage - 6"" - 4GB - Black",B00IOY8XWQ,1
17,AVqkIhwDv8e3D1O-lebb,"All-New Fire HD 8 Tablet, 8"" HD Display, Wi-Fi, 16 GB - Includes Special Offers, Magenta",B01AHB9CN2,1
18,AVpjEN4jLJeJML43rpUe,"Brand New Amazon Kindle Fire 16gb 7"" Ips Display Tablet Wifi 16 Gb Blue",B018Y225IA,1
19,AVpftoij1cnluZ0-p5n2,Amazon - Kindle Voyage - 4GB - Wi-Fi + 3G - Black,B00IOYAM4I,1
20,AVqkIj9snnc1JgDc3khU,"Fire HD 8 Tablet with Alexa, 8"" HD Display, 32 GB, Tangerine - with Special Offers",B01AHB9C1E,1
21,AVqVGZN9QMlgsOJE6eUZ,"Kindle Oasis E-reader with Leather Charging Cover - Black, 6"" High-Resolution Display (300 ppi), Wi-Fi - Includes Special Offers",B00REQKWGA,1
22,AVqkIh8WQMlgsOJE6fu-,"All-New Fire HD 8 Tablet, 8"" HD Display, Wi-Fi, 32 GB - Includes Special Offers, Black",B01ACEKAJY,1
23,AVqkIiKWnnc1JgDc3khH,"All-New Fire HD 8 Tablet, 8"" HD Display, Wi-Fi, 32 GB - Includes Special Offers, Magenta",B01AHB9CYG,1
24,AVqkIdZiv8e3D1O-leaJ,"Fire Tablet with Alexa, 7"" Display, 16 GB, Magenta - with Special Offers",B018Y224PY,1
